insert into disquera values (726, 'Independiente');
insert into disquera values (423, 'EMI Music');
insert into disquera values (872, 'Sony Music');
insert into disquera values (567, 'Universal Music Group');
insert into disquera values (955, 'Epic Records');
insert into disquera values (233, 'Warner Music');

---------------------------------------------------------------------------------------------------

insert into genero_musical values(234,'Pop Soul');
insert into genero_musical values(456,'Cumbia');
insert into genero_musical values(789,'Reggae');
insert into genero_musical values(112,'Acid Jazz');
insert into genero_musical values(134,'Pop');
insert into genero_musical values(453,'Hip hop');
insert into genero_musical values(933, 'Reggaeton');
insert into genero_musical values(587, 'Salsa');
insert into genero_musical values(601, 'Ska');
insert into genero_musical values(354, 'Indie Rock');

---------------------------------------------------------------------------------------------------

insert into artista values (1000, 'Adan Cruz', 'Ciudad de México ,México', 453, 872);
	insert into album values (1001,'Eso es','2016',1000);
			insert into canciones values (101,'Eso es','3.40','★★★★');
			insert into canciones values (102,'Interludio','2.40','★★★★');
			insert into canciones values (103,'Astronauta de tus Lunares','2.37','★★★★★');
			insert into canciones values (104,'Caile a mi Hood','4.35','★★★★');
			insert into canciones values (105,'Hay algo que','2.49','★★★');
			insert into canciones values (106,'Hey yo','2.46','★★★★');
			insert into canciones values (107,'Mi Corte','4.12','★★★');
			insert into canciones values (108,'M.O.E.','3.56','★★★');
			insert into canciones values (109,'No Doubt','3.58','★★★');
			insert into canciones values (110,'Rólalo y Enciende','5.07','★★★');
			insert into canciones values (111,'Una Peta en el Barrio','3.10','★★★★');
			insert into canciones values (112,'Welcome to México','4.28','★★★★');
			insert into canciones values (113,'Volare','5.45','★★★★');
  insert into album (1002,'Quiérelo','2015',1000);
			insert into canciones values (114,'Mirame','5.00','★★★★');
			insert into canciones values (115,'We Made a Plan','4.35','★★★★★');
			insert into canciones values (116,'Acá en el Norte','3.25','★★★★★');
			insert into canciones values (117,'Se llama Adan','3.16','★★★★');
			insert into canciones values (118,'Mobster','3.52','★★★');
			insert into canciones values (119,'Ándale Nena','3.54','★★★★');
			insert into canciones values (120,'Me Fumo Dos','2.56','★★★');
			insert into canciones values (121,'Skit','3.46','★★★');
			insert into canciones values (122,'Roystonea','3.40','★★★★');
			insert into canciones values (123,'Charla Pendiente','4.31','★★★');
			insert into canciones values (124,'Dale Suave','4.34','★★★★');
			insert into canciones values (125,'Vivir Como Rey','3.54','★★★★');
			insert into canciones values (126,'Quítate Wey','4.08','★★★★★');
			insert into canciones values (127,'Quierelo','5.01','★★★★');
			insert into canciones values (128,'Llamale Cera','4.43','★★★★★');
			insert into canciones values (129,'Ángeles y Gargolas','3.36','★★★★★');
			insert into canciones values (130,'Más Dinero','4.17','★★★');
			insert into canciones values (131,'Me la Llevo Perron','3.38','★★★');
			insert into canciones values (132,'They´re Laughing','5.22','★★★★');
			insert into canciones values (133,'Sin Preocupación','6.32','★★★');
			insert into canciones values (134,'Hacemos Billetes','3.08','★★★');
			insert into canciones values (135,'Por los que Queremos','3.35','★★★★★');

insert into artista values (2000, 'Mario Bautista', 'Ciudad de México ,México', 134, 567);
	insert into album (2001,'Aquí Estoy','2016',2000);
			insert into canciones values (136,'Sin Tu Amor','3.52','★★★★★');
			insert into canciones values (137,'Te Dedico Esta Canción','3.55','★★★★★');
			insert into canciones values (138,'Tu y yo','3.35','★★★★★');
			insert into canciones values (139,'LLorar','3.23','★★★');
			insert into canciones values (140,'Aqui Estoy','3.54','★★★★');
			insert into canciones values (141,'Salvame','3.39','★★★★');
			insert into canciones values (142,'Si Me Das Tu Corazón','3.17','★★★');
			insert into canciones values (143,'Yo Por Tu Amor','3.37','★★★★');
			insert into canciones values (144,'Siempre Juntos','3.46','★★★★');
			insert into canciones values (145,'Ven a Bailar','3.05','★★★★★');
			insert into canciones values (146,'Un Mundo Nuevo','3.17','★★★★');

insert into artista values (3000, 'Fun', 'Nueva Jersey', 354, 726);
	insert into album (3001,'Some Nights','2012',3000);
			insert into canciones values (147,'Some Nights','4.37','★★★★★');
			insert into canciones values (148,'We Are Young','4.11','★★★★★');
			insert into canciones values (149,'Carry On','4.38','★★★★★');
			insert into canciones values (150,'It Gets Better','3.36','★★★★');
			insert into canciones values (151,'Why Am I the One','4.47','★★★');
			insert into canciones values (152,'All Alone','3.04','★★★★');
			insert into canciones values (153,'All Alright','3.58','★★★★');
			insert into canciones values (154,'One Foot','3.32','★★★★');
			insert into canciones values (155,'Stars','6.53','★★★');
			insert into canciones values (156,'Out On the Twon','4.21','★★★★');
	insert into album (3002,'Gran Romantic','2015',3000)
			insert into canciones values (157,'Grand Romantic','0.43','★★★★★');
			insert into canciones values (158,'AhHa','4.24','★★★★★');
			insert into canciones values (159,'Nothing Without Love','3.57','★★★★★');
			insert into canciones values (160,'Take It Back','4.24','★★★');
			insert into canciones values (161,'You Light My Fire','3.14','★★★★');
			insert into canciones values (162,'What This World Is Coming To','4.03','★★★★');
			insert into canciones values (163,'Great Big Storm','4.01','★★★');
			insert into canciones values (164,'Moment','4.13','★★★★');
			insert into canciones values (165,'It Only Gets Much Worse','4.18','★★★★');
			insert into canciones values (166,'Grand Light','3.36','★★★★★');
			insert into canciones values (167,'Harsh Light','4.51','★★★★');
			insert into canciones values (168,'Brightside','4.35','★★★★');

insert into artista values (4000, 'J Balvin', 'Colombia,Medellín', 933, 872);
	insert into album (4001,'Energía','2015',4000)
			insert into canciones values (169,'Veneno','2.30','★★★★');
			insert into canciones values (170,'Malvada','2.59','★★★★★');
			insert into canciones values (171,'Safari','3.26','★★★★★');
			insert into canciones values (172,'Bobo','3.29','★★★★★');
			insert into canciones values (173,'Sigo Extrañandote','3.21','★★★★');
			insert into canciones values (174,'Primera Cita','2.54','★★★★');
			insert into canciones values (175,'Pierde los Modales','3.21','★★★');
			insert into canciones values (176,'Por un Día','3.32','★★★★');
			insert into canciones values (177,'Acércate','3.13','★★★★');
			insert into canciones values (178,'Snapchat','3.40','★★★★★');
			insert into canciones values (179,'Hola','3.16','★★★★★');
			insert into canciones values (180,'Ginza','2.51','★★★★★');
	insert into album (4002,'La Familia','2013',4000)
			insert into canciones values (181,'Sola','3.47','★★★★');
			insert into canciones values (182,'La Venganza','3.26','★★★★★');
			insert into canciones values (183,'Déjate Llevar','3.11','★★★★★');
			insert into canciones values (184,'Mil Fantasías','3.41','★★★★★');
			insert into canciones values (185,'6 AM','4.03','★★★★');
			insert into canciones values (186,'Lose Control','4.54','★★★★');
			insert into canciones values (187,'Eras Así','3.47','★★★');
			insert into canciones values (188,'What a Creation','2.28','★★★★');
			insert into canciones values (189,'Desnúdate','3.43','★★★★');
			insert into canciones values (190,'Imaginándote','3.36','★★★★★');
			insert into canciones values (191,'Bajo la Luna','3.35','★★★★★');
			insert into canciones values (192,'Live in Stereo','3.30','★★★★★');
			insert into canciones values (193,'Porque Tu','2.55','★★★★★');
			insert into canciones values (194,'Tranquila','3.20','★★★★★');
			insert into canciones values (195,'Yo Te lo Dije','3.40','★★★★★');

insert into artista values (5000, 'León Larregui', 'México, Cuernavaca', 354, 955);
	insert into album (5001,'Voluma','2015',5000);
			insert into canciones values (196,'Locos','3.47','★★★★★');
			insert into canciones values (197,'Zombies','3.26','★★★★★');
			insert into canciones values (198,'Mar','3.11','★★★★★');
			insert into canciones values (199,'Tremantra','3.41','★★★');
			insert into canciones values (200,'Tiraste A Matar','4.03','★★★');
			insert into canciones values (201,'Lattice','4.54','★★★');
			insert into canciones values (202,'Visitantes','3.47','★★★★★');
			insert into canciones values (203,'Visiones','2.28','★★★');
			insert into canciones values (204,'Luna LLena','3.43','★★★');
			insert into canciones values (205,'Birdie','3.36','★★★');
			insert into canciones values (206,'Rue Vieille Du Temple','3.35','★★★★');
			insert into canciones values (207,'Live in Stereo','3.30','★★★★');
			insert into canciones values (208,'Cero No ser','2.55','★★★');
	insert into album (5002,'Solstis','2014',5000)
			insert into canciones values (209,'Aurora Boreal','3.38','★★★★★');
			insert into canciones values (210,'Brillas','3.46','★★★★★');
			insert into canciones values (211,'Carmin','3.51','★★★★★');
			insert into canciones values (212,'Souvenir','3.59','★★★★★');
			insert into canciones values (213,'Como Tú','3.52','★★★★★');
			insert into canciones values (214,'Perdonar','3.38','★★★★');
			insert into canciones values (215,'Ressistolux','3,09','★★★★');
			insert into canciones values (216,'Pérdida Total','3.48','★★★');
			insert into canciones values (217,'Femme Fatal','4.08','★★★');
			insert into canciones values (218,'Resguardum Ether','7.25','★★★★');

insert into artista values (6000, 'Jamiroquai', 'Inglaterra, Reino Unido', 234, 955);
  insert into album values (6001,'Automaton',2017, 6000);
      insert into canciones values (219,'Shake It On', '5:14', '★★★');
      insert into canciones values (220, 'Superfresh', '3:48', '★★★');
      insert into canciones values (221, 'Hot Property', '4:32','★★★★★');
      insert into canciones values (222, 'Something About You', '3:59', '★★★');
      insert into canciones values (223, 'Summer Girl', '5:32', '★★★★');

insert into artista values (7000, 'Los Ángeles Azules', 'Ciudad de México ,México', 456, 872);
  insert into album values (7001, 'De Plaza en Plaza', 2016, 7000);
    insert into canciones values (224, 'La Cumbia del Infinito', '3:22','★★');
    insert into canciones values (225, 'Ay Amor', '3:45', '★★★★');
    insert into canciones values (226, 'Mi Niña Mujer', '3:14', '★★★★★');
    insert into canciones values (227, 'Mi Cantar', '4:13', '★★★');
    insert into canciones values (228, 'Por Tu Amor', '3:22', '★★★★★');
    insert into canciones values (229, 'Las Maravillas de la Vida', '★★★');
    insert into canciones values (230, 'Amigos Nada Más', '3:32', '★★★★★');
    insert into canciones values (231, 'Me Haces Falta Tú', '3:24', '★★★★');
    insert into canciones values (232, 'La Cadenita', '2:39', '★★★★★');
    insert into canciones values (233, 'Cumbia del Acordeón', '4:42', '★★★★★');
    insert into canciones values (234, 'Hermoso Bebé', '3:23', '★★★★');
  insert into album values (7002, 'Viernes Cultural', 2015, 7000);
    insert into canciones values (235, 'Viernes Cultural', '4:11', '★★★');
    insert into canciones values (236, 'La Cadenita', '2:38', '★★★★');
    insert into canciones values (237, 'Paso la Vida Pensando', '4:56', '★★★');
    insert into canciones values (238, 'Toma Que Toma', '2:37', '★★★★');
    insert into canciones values (239, 'Amigos Nada Más', '3:33', '★★★');
    insert into canciones values (240, '20 Rosas', '3:15', '★★★');
    insert into canciones values (241, 'Cumbia Popular', '3:19', '★★★★');
    insert into canciones values (242, 'Kumbia en la playa', '5:26', '★★★');

insert into artista values (8000, 'Los Caligaris', 'Córdoba, Argentina', 789, 726);
  insert into album values (8001, 'Somos Todos Vivos', 2016, 8000);
    insert into canciones values (243, 'Todos Locos', '2:31', '★★★');
    insert into canciones values (244, 'Mi Estanciera y Yo', '★★★');
    insert into canciones values (245, 'Aunque no quiero', '3:33', '★★★');
    insert into canciones values (246, 'Que corran', '5:17', '★★★★');
    insert into canciones values (247, 'Mejilla Izquierda', '3:23', '★★★★');
    insert into canciones values (248, 'Añejo W', '4:23', '★★★');
    insert into canciones values (249, 'Luchamos por la Causa', '3:38', '★★★');
  insert into album values (8002, 'Bailarín Apocalíptico', 2011, 8000);
    insert into canciones values (250, 'Bailarín Apocalítico', '3:46', '★★★');
    insert into canciones values (251, 'Razón', '3:16', '★★★★★');
    insert into canciones values (252, 'El Secreto', '3:28', '★★★★');
    insert into canciones values (253, 'Vereda', '4:11', '★★★');
    insert into canciones values (254, 'Pecado de Juventud', '3:02');
    insert into canciones values (255, 'Rimas Perfectas', '3:12', '★★');
    insert into canciones values (256, 'Infierno', '3:21', '★★★★');
    insert into canciones values (257, 'Purgatorio', '1:31', '★★★');
    insert into canciones values (258, 'Tras las Sierras', '4:32', '★★★★');
    insert into canciones values (259, 'Cicatriz', '3:29', '★★');
    insert into canciones values (260, 'Entre Vos y Yo', '4:38', '★★★★★');

insert into artista values (9000, 'Los Amigos Invisibles', 'Caracas, Venezuela', 112, 423);
	insert into album values (9001, 'El Paradise', 2016, 9000);
	 insert into canciones values (261, 'Llegando', '0:23', '★');
	 insert into canciones values (262, 'Viajero Frecuente del Amor', '4:12', '★★');
	 insert into canciones values (263, 'Goldmember','0:58', '★');
	 insert into canciones values (264, 'Eres mis Ganas', '5:16', '★★★');
	 insert into canciones values (265, 'Dame el Mambo', '3:23', '★★★★');
	 insert into canciones values (266, 'Maribel...', '0:20', '★');
	 insert into canciones values (267, 'Anestesiado', '3:45', '★★★★');
	 insert into canciones values (268, 'Espérame', '4:15', '★★★★★');
	 insert into canciones values (269, 'Aquí Nadie Está Sano', '3:47', '★★★');
	 insert into canciones values (270, 'Sabrina', '4:22', '★★');
	 insert into canciones values (271, 'Sras. Y Sres.', '★★★');
	 insert into canciones values (272, 'Ten cuidado', '3:43', '★★★★');
	insert into album values (9002, 'Los Amigos Invisibles, Acústico',2015, 9000);
	 insert into canciones values (273, 'Dulce', '4:22', '★★★★');
	 insert into canciones values (274, 'Sexy', '5:29', '★★★');
	 insert into canciones values (275, 'Mentiras', '4:24', '★★★★★');
	 insert into canciones values (276, 'La que me gusta', '5:19', '★★★★★');
	 insert into canciones values (277, 'Óyeme Nena', '4:21', '★★★★★');
	 insert into canciones values (278, 'Viviré Para Ti', '3:56', '★★★★★');
	 insert into canciones values (279, 'Corazón Tatto', '4:49', '★★★★');

insert into artista values (10000, 'Alberto Barros', 'Cali, Colombia', 587, 233);
	insert into album values (10001, 'Tributo a la Salsa Colombiana', 2014, 10000);
	 insert into canciones values (280, 'La Palomita', '4:21', '★★★');
	 insert into canciones values (281, 'Medley Fruko', '3:57', '★★★★');
	 insert into canciones values (282, 'La Rebelión', '4:49', '★★★★★');
	 insert into canciones values (283, 'Por Retenerte', '5:25', '★★★★★');
	 insert into canciones values (284, 'Oiga, Mire, Vea','5:25', '★★★★');
	 insert into canciones values (285, 'Ay Amor', '4:15', '★★★');
	 insert into canciones values (286, 'Pál Bailador', '4:31', '★★★★');
	 insert into canciones values (287, 'Sobredosis', '4:18', '★★★★★');
	 insert into canciones values (288, 'Ganas ', '5:34', '★★★★');
 insert into album values (10002, 'Tributo a la Salsa Colombiana 2',2014, 10000);
	insert into canciones values (289, 'Sin Sentimiento', '4:52', '★★★★');
  insert into canciones values (290,'La Cita', '4:38', '★★★');
	insert into canciones values (291, 'Gracias Amor', '4:43', '★★★');
	insert into canciones values (292, 'Gotas de Lluvia', '5:44', '★★★★★');
	insert into canciones values (293, 'Invierno en Primavera', '4:47', '★★★★');
	insert into canciones values (294, 'En Barranquilla Me Quedo', '5:16', '★★★');
	insert into canciones values (295, 'Sin mentiras', '5:11', '★★★★');
	insert into canciones values (296, 'Como Duele', '3:48', '★★★');
	insert into canciones values (297, 'De Punta a Punta', '4:14', '★★★★★');
	insert into canciones values (298, 'Descarga Colombiana', '4:39', '★★★');

insert into artista values (11000, 'Adele', 'Londres, Inglaterra', 134, 233);
 insert into album values (11001, '19', 2008, 11000);
  insert into canciones values (299, 'Daydreamer', '3:41', '★★★');
  insert into canciones values (300, 'Best for last', '4:19', '★★★');
	insert into canciones values (301, 'Chasing Pavements', '3:31', '★★★');
	insert into canciones values (302, 'Could Shoulder', '3:12', '★★★');
	insert into canciones values (303, 'Crazy for You', '3:28', '★★★');
	insert into canciones values (304, 'Melt my Heart to Stone', '3:24', '★★★');
	insert into canciones values (305, 'First Love', '3:10', '★★★');
	insert into canciones values (306, 'Right as Rain', '3:17', '★★★');
	insert into canciones values (307, 'Make you Feel My Love', '3:32', '★★★');
	insert into canciones values (308, 'My Same', '3:16', '★★★');
	insert into canciones values (309, 'Tired', '4:19', '★★★');
	insert into canciones values (310, 'Hometown Glory', '4:31', '★★★');
 insert into album values (11002, '21', 2011, 11000);
	insert into canciones values (311, 'Rolling in the Deep', '3:48', '★★★');
	insert into canciones values (312, 'Rumour has It', '3:43', '★★★');
	insert into canciones values (313, 'Turning Tables', '4:10', '★★★');
	insert into canciones values (314, 'Don’t you Remember', '4:03', '★★★');
	insert into canciones values (315, 'Set Fire to the Rain', '4:02', '★★★');
	insert into canciones values (316, 'He won’t go', '4:38', '★★★');
	insert into canciones values (317, 'Take it All', '3:48', '★★★');
	insert into canciones values (318, 'I’ll be Waiting', '4:01', '★★★');
	insert into canciones values (319, 'One and Only', '5:48', '★★★');
	insert into canciones values (320, 'Lovesong', '5:16', '★★★');
	insert into canciones values (321, 'Someone Like You', '4:45', '★★★');

insert into artista values (12000, 'Ha-Ash', 'Ciudad de México, México', 134, 872);
 insert into album values (12001, 'Primera Fila: Hecho Realidad', 2014, 12000);
	insert into canciones values (322, 'Soy Mujer', '4:19', '★★★');
	insert into canciones values (323, 'Estés donde Estés', '4:06', '★★★');
	insert into canciones values (324, 'Te dejo en libertad', '4:02', '★★★');
	insert into canciones values (325, 'Perdón, perdón', '3:46', '★★★');
	insert into canciones values (326, 'Dos copas de más', '3:42', '★★★');
	insert into canciones values (327, '¿Qué hago yo?', '3:32', '★★★');
	insert into canciones values (328, 'No tiene devolución', '3:33', '★★★');
	insert into canciones values (329, 'Qué más da', '3:20', '★★★');
	insert into canciones values (330, 'Ex de verdad', '4:07', '★★★');
	insert into canciones values (331, 'No te quiero nada', '3:58', '★★★');
	insert into canciones values (332, 'Sé que te vas', '4:03', '★★★');
	insert into canciones values (333, 'Lo aprendí de ti', '3:17', '★★★');
	insert into canciones values (334, 'Odio Amarte', '4:18', '★★★');
	insert into canciones values (335, 'His Eyes on the Sparrow', '3:46', '★★★');
 insert into album values (12002, 'A Tiempo', 2011, 12000);
		insert into canciones values (336, 'Impermeable', '4:07', '★★★');
		insert into canciones values (337, 'Frente a Frente', '4:03', '★★★');
		insert into canciones values (338, 'Faltas tu', '4:01', '★★★');
		insert into canciones values (339, 'Irremediable', '4:02', '★★★');
		insert into canciones values (340, 'Qué hare con este amor', '3:18', '★★★');
		insert into canciones values (341, 'Sólo una vez', '4:22', '★★★');
		insert into canciones values (342, 'Soy Te amo más que ayer', '3:30', '★★★');
		insert into canciones values (343, 'Te dejo en Libertad', '3:59', '★★★');
		insert into canciones values (344, 'De donde sacas eso', '3:27', '★★★');
		insert into canciones values (345, 'Todo no fue suficiente', '3:36', '★★★');
		insert into canciones values (346, 'Camina conmigo', '3:43', '★★★');
		insert into canciones values (347, 'Hoy no habrá mañana', '3:34', '★★★');
		insert into canciones values (348, 'Soy Un beso tuyo', '4:02', '★★★');

insert into artista values (13000, 'The Beatles', 'Liverpool, Inglaterra', 543, 423);
		insert into album values (13001, 'Let it Be', 1970, 13000);
		     insert into canciones values (349, 'Two of Us', '3:37', '★★★');
		     insert into canciones values (350, 'Dig of Pony', '3:40', '★★★');
		     insert into canciones values (351, 'Across of the Universe', '3:40', '★★★');
		     insert into canciones values (352, 'I me Mine', '2:26', '★★★');
		     insert into canciones values (353, 'Dig it', '0:50', '★★★');
		     insert into canciones values (354, 'Let it Be', '4:04', '★★★');
		     insert into canciones values (355, 'Maggie Mae', '0:40', '★★★');
		     insert into canciones values (356, 'I’ve Got a Feeling', '3:40', '★★★');
		     insert into canciones values (357, 'One after 909', '2:45', '★★★');
		     insert into canciones values (358, 'The long and Winding road', '3:40', '★★★');
		     insert into canciones values (359, 'For you Blue', '2:33', '★★★');
		     insert into canciones values (360, 'Get Back', '3:11', '★★★');

insert into artista values (14000, 'Shakira', 'Barranquilla, Colombia', 134, 423);
		insert into album values (14001, 'Pies descalzos', 1995, 14000);
		     insert into canciones values (361, 'Estoy aquí', '3:52', '★★★');
		     insert into canciones values (362, 'Antología', '4:14', '★★★');
		     insert into canciones values (363, 'Un poco de amor', '4:01', '★★★');
		     insert into canciones values (364, 'Quiero', '4:10', '★★★');
		     insert into canciones values (365, 'Te necesito', '4:00', '★★★');
		     insert into canciones values (366, 'Vuelve', '3:53', '★★★');
		     insert into canciones values (367, 'Te espero sentada', '3:24', '★★★');
		     insert into canciones values (368, 'Pies descalzos, sueños blancos', '3:25', '★★★');
		     insert into canciones values (369, 'Pienso en ti', '2:25', '★★★');
		     insert into canciones values (370, '¿Dónde estás, corazón?', '3:51', '★★★');
		     insert into canciones values (371, 'Se quiere, se mata', '3:38', '★★★');
		insert into album values (14002, '¿Dónde están los ladrones?', 1998, 14000);
		     insert into canciones values (372, 'Ciega, sordomuda', '4:28', '★★★');
		     insert into canciones values (373, 'Si te vas', '3:30', '★★★');
		     insert into canciones values (374, 'Moscas en la casa', '3:32', '★★★');
		     insert into canciones values (375, 'No creo', '3:53', '★★★');
		     insert into canciones values (376, 'Inevitable', '3:13', '★★★');
		     insert into canciones values (377, 'Octavo día', '4:32', '★★★');
		     insert into canciones values (378, 'Que vuelvas', '3:51', '★★★');
		     insert into canciones values (379, 'Tú', '3:35', '★★★');
		     insert into canciones values (380, '¿Dónde están los ladrones?', '3:14', '★★★');
		     insert into canciones values (381, 'Sombra de ti', '3:35', '★★★');
		     insert into canciones values (382, 'Ojos así', '3:57', '★★★');

insert into artista values (15000, 'Jesse & Joy', 'Londres, Inglaterra', 134, 233);
		insert into album values (15001, 'Un besito más', 2015, 15000);
		     insert into canciones values (383, 'Que pena me da', '3:17', '★★★');
		     insert into canciones values (384, 'Ecos de amor', '3:35', '★★★');
		     insert into canciones values (385, 'No soy una de esas', '3:30', '★★★');
		     insert into canciones values (386, 'Me soltaste', '3:49', '★★★');
		     insert into canciones values (387, '3 A.M.', '3:19', '★★★');
		     insert into canciones values (388, '¡Ay Doctor!', '3:24', '★★★');
		     insert into canciones values (389, 'Muero de amor', '3:58', '★★★');
		     insert into canciones values (390, 'Dime que no', '4:10', '★★★');
		     insert into canciones values (391, 'More tan amigos', '3:25', '★★★');
		     insert into canciones values (392, 'Un besito más', '3:12', '★★★');
		     insert into canciones values (393, 'Dueles', '4:07', '★★★');
		     insert into canciones values (394, 'Quiéreme despacito', '3:46', '★★★');
		     insert into canciones values (395, 'El malo', '3:51', '★★★');
   insert into album values (15002, '¿Con quién se queda el perro?', 2011, 15000);
		     insert into canciones values (396, 'Aquí voy', '3:07', '★★★');
		     insert into canciones values (397, '¿Con quién se queda el perro?', '3:08', '★★★');
		     insert into canciones values (398, 'Cómo no', '3:36', '★★★');
		     insert into canciones values (399, '¡Corre!', '4:48', '★★★');
		     insert into canciones values (400, 'Gotitas de amor', '3:13', '★★★');
		     insert into canciones values (401, 'La de la mala suerte', '4:11', '★★★');
		     insert into canciones values (402, 'Quiero que me quieras', '3:01', '★★★');
		     insert into canciones values (403, 'Me llora el cielo', '3:46', '★★★');
		     insert into canciones values (404, 'Tú mi poesia', '3:59', '★★★');
		     insert into canciones values (405, 'Veneno', '3:50', '★★★');
		     insert into canciones values (406, 'Me voy', '3:27', '★★★');
		     insert into canciones values (407, 'Me quiero enamorar', '3:58', '★★★');

---------------------------------------------------------------------------------------------------

insert into album_canciones values (1001, 101);
insert into album_canciones values (1001, 102);
insert into album_canciones values (1001, 103);
insert into album_canciones values (1001, 104);
insert into album_canciones values (1001, 105);
insert into album_canciones values (1001, 106);
insert into album_canciones values (1001, 107);
insert into album_canciones values (1001, 108);
insert into album_canciones values (1001, 109);
insert into album_canciones values (1001, 110);
insert into album_canciones values (1001, 111);
insert into album_canciones values (1001, 112);
insert into album_canciones values (1001, 113);

insert into album_canciones values (1002, 114);
insert into album_canciones values (1002, 115);
insert into album_canciones values (1002, 116);
insert into album_canciones values (1002, 117);
insert into album_canciones values (1002, 118);
insert into album_canciones values (1002, 120);
insert into album_canciones values (1002, 121);
insert into album_canciones values (1002, 122);
insert into album_canciones values (1002, 123);
insert into album_canciones values (1002, 124);
insert into album_canciones values (1002, 125);
insert into album_canciones values (1002, 126);
insert into album_canciones values (1002, 127);
insert into album_canciones values (1002, 128);
insert into album_canciones values (1002, 129);
insert into album_canciones values (1002, 130);
insert into album_canciones values (1002, 131);
insert into album_canciones values (1002, 132);
insert into album_canciones values (1002, 133);
insert into album_canciones values (1002, 134);
insert into album_canciones values (1002, 135);

insert into album_canciones values (2001, 136);
insert into album_canciones values (2001, 137);
insert into album_canciones values (2001, 138);
insert into album_canciones values (2001, 139);
insert into album_canciones values (2001, 140);
insert into album_canciones values (2001, 141);
insert into album_canciones values (2001, 142);
insert into album_canciones values (2001, 143);
insert into album_canciones values (2001, 144);
insert into album_canciones values (2001, 145);
insert into album_canciones values (2001, 146);

insert into album_canciones values (3001, 147);
insert into album_canciones values (3001, 148);
insert into album_canciones values (3001, 149);
insert into album_canciones values (3001, 150);
insert into album_canciones values (3001, 151);
insert into album_canciones values (3001, 152);
insert into album_canciones values (3001, 153);
insert into album_canciones values (3001, 154);
insert into album_canciones values (3001, 155);
insert into album_canciones values (3001, 156);

insert into album_canciones values (3002, 156);
insert into album_canciones values (3002, 157);
insert into album_canciones values (3002, 158);
insert into album_canciones values (3002, 159);
insert into album_canciones values (3002, 160);
insert into album_canciones values (3002, 161);
insert into album_canciones values (3002, 162);
insert into album_canciones values (3002, 163);
insert into album_canciones values (3002, 164);
insert into album_canciones values (3002, 165);
insert into album_canciones values (3002, 166);
insert into album_canciones values (3002, 167);
insert into album_canciones values (3002, 168);

insert into album_canciones values (4001, 169);
insert into album_canciones values (4001, 170);
insert into album_canciones values (4001, 171);
insert into album_canciones values (4001, 172);
insert into album_canciones values (4001, 173);
insert into album_canciones values (4001, 174);
insert into album_canciones values (4001, 175);
insert into album_canciones values (4001, 176);
insert into album_canciones values (4001, 177);
insert into album_canciones values (4001, 178);
insert into album_canciones values (4001, 179);
insert into album_canciones values (4001, 180);

insert into album_canciones values (4002, 181);
insert into album_canciones values (4002, 182);
insert into album_canciones values (4002, 183);
insert into album_canciones values (4002, 184);
insert into album_canciones values (4002, 185);
insert into album_canciones values (4002, 186);
insert into album_canciones values (4002, 187);
insert into album_canciones values (4002, 188);
insert into album_canciones values (4002, 189);
insert into album_canciones values (4002, 190);
insert into album_canciones values (4002, 191);
insert into album_canciones values (4002, 192);
insert into album_canciones values (4002, 194);
insert into album_canciones values (4002, 195);

insert into album_canciones values (5001, 196);
insert into album_canciones values (5001, 197);
insert into album_canciones values (5001, 198);
insert into album_canciones values (5001, 199);
insert into album_canciones values (5001, 200);
insert into album_canciones values (5001, 201);
insert into album_canciones values (5001, 202);
insert into album_canciones values (5001, 203);
insert into album_canciones values (5001, 204);
insert into album_canciones values (5001, 205);
insert into album_canciones values (5001, 206);
insert into album_canciones values (5001, 207);
insert into album_canciones values (5001, 208);

insert into album_canciones values (5002, 209);
insert into album_canciones values (5002, 210);
insert into album_canciones values (5002, 211);
insert into album_canciones values (5002, 212);
insert into album_canciones values (5002, 213);
insert into album_canciones values (5002, 214);
insert into album_canciones values (5002, 215);
insert into album_canciones values (5002, 216);
insert into album_canciones values (5002, 217);
insert into album_canciones values (5002, 218);

insert into album_canciones values (6001, 219);
insert into album_canciones values (6001, 220);
insert into album_canciones values (6001, 221);
insert into album_canciones values (6001, 222);
insert into album_canciones values (6001, 223);

insert into album_canciones values (7001, 224);
insert into album_canciones values (7001, 225);
insert into album_canciones values (7001, 226);
insert into album_canciones values (7001, 227);
insert into album_canciones values (7001, 228);
insert into album_canciones values (7001, 229);
insert into album_canciones values (7001, 230);
insert into album_canciones values (7001, 231);
insert into album_canciones values (7001, 232);
insert into album_canciones values (7001, 233);
insert into album_canciones values (7001, 234);

insert into album_canciones values (7002, 235);
insert into album_canciones values (7002, 236);
insert into album_canciones values (7002, 237);
insert into album_canciones values (7002, 238);
insert into album_canciones values (7002, 239);
insert into album_canciones values (7002, 240);
insert into album_canciones values (7002, 241);
insert into album_canciones values (7002, 242);

insert into album_canciones values (8001, 243);
insert into album_canciones values (8001, 244);
insert into album_canciones values (8001, 245);
insert into album_canciones values (8001, 246);
insert into album_canciones values (8001, 247);
insert into album_canciones values (8001, 248);
insert into album_canciones values (8001, 249);

insert into album_canciones values (8002, 250);
insert into album_canciones values (8002, 251);
insert into album_canciones values (8002, 252);
insert into album_canciones values (8002, 252);
insert into album_canciones values (8002, 253);
insert into album_canciones values (8002, 254);
insert into album_canciones values (8002, 255);
insert into album_canciones values (8002, 256);
insert into album_canciones values (8002, 257);
insert into album_canciones values (8002, 258);
insert into album_canciones values (8002, 259);
insert into album_canciones values (8002, 260);

insert into album_canciones values (9001, 261);
insert into album_canciones values (9001, 262);
insert into album_canciones values (9001, 263);
insert into album_canciones values (9001, 264);
insert into album_canciones values (9001, 265);
insert into album_canciones values (9001, 266);
insert into album_canciones values (9001, 267);
insert into album_canciones values (9001, 268);
insert into album_canciones values (9001, 269);
insert into album_canciones values (9001, 270);
insert into album_canciones values (9001, 271);
insert into album_canciones values (9001, 272);

insert into album_canciones values (9002, 273);
insert into album_canciones values (9002, 274);
insert into album_canciones values (9002, 275);
insert into album_canciones values (9002, 276);
insert into album_canciones values (9001, 277);
insert into album_canciones values (9001, 278);
insert into album_canciones values (9001, 279);

insert into album_canciones values (10001, 280);
insert into album_canciones values (10001, 281);
insert into album_canciones values (10001, 282);
insert into album_canciones values (10001, 283);
insert into album_canciones values (10001, 284);
insert into album_canciones values (10001, 285);
insert into album_canciones values (10001, 286);
insert into album_canciones values (10001, 287);
insert into album_canciones values (10001, 288);

insert into album_canciones values (10002, 289);
insert into album_canciones values (10002, 290);
insert into album_canciones values (10002, 291);
insert into album_canciones values (10002, 292);
insert into album_canciones values (10002, 293);
insert into album_canciones values (10002, 294);
insert into album_canciones values (10002, 295);
insert into album_canciones values (10002, 296);
insert into album_canciones values (10002, 297);
insert into album_canciones values (10002, 298);

insert into album_canciones values (11001, 299);
insert into album_canciones values (11001, 300);
insert into album_canciones values (11001, 301);
insert into album_canciones values (11001, 302);
insert into album_canciones values (11001, 303);
insert into album_canciones values (11001, 304);
insert into album_canciones values (11001, 305);
insert into album_canciones values (11001, 306);
insert into album_canciones values (11001, 307);
insert into album_canciones values (11001, 308);
insert into album_canciones values (11001, 309);
insert into album_canciones values (11001, 310);

insert into album_canciones values (11002, 311);
insert into album_canciones values (11002, 312);
insert into album_canciones values (11002, 313);
insert into album_canciones values (11002, 314);
insert into album_canciones values (11002, 315);
insert into album_canciones values (11002, 316);
insert into album_canciones values (11002, 317);
insert into album_canciones values (11002, 318);
insert into album_canciones values (11002, 319);
insert into album_canciones values (11002, 320);
insert into album_canciones values (11002, 321);

insert into album_canciones values (12001, 322);
insert into album_canciones values (12001, 323);
insert into album_canciones values (12001, 324);
insert into album_canciones values (12001, 325);
insert into album_canciones values (12001, 326);
insert into album_canciones values (12001, 327);
insert into album_canciones values (12001, 328);
insert into album_canciones values (12001, 329);
insert into album_canciones values (12001, 330);
insert into album_canciones values (12001, 331);
insert into album_canciones values (12001, 332);
insert into album_canciones values (12001, 333);
insert into album_canciones values (12001, 334);
insert into album_canciones values (12001, 335);

insert into album_canciones values (12002, 336);
insert into album_canciones values (12002, 337);
insert into album_canciones values (12002, 338);
insert into album_canciones values (12002, 339);
insert into album_canciones values (12002, 340);
insert into album_canciones values (12002, 341);
insert into album_canciones values (12002, 342);
insert into album_canciones values (12002, 343);
insert into album_canciones values (12002, 344);
insert into album_canciones values (12002, 345);
insert into album_canciones values (12002, 346);
insert into album_canciones values (12002, 347);
insert into album_canciones values (12002, 348);

insert into album_canciones values (13001, 349);
insert into album_canciones values (13001, 350);
insert into album_canciones values (13001, 351);
insert into album_canciones values (13001, 352);
insert into album_canciones values (13001, 353);
insert into album_canciones values (13001, 354);
insert into album_canciones values (13001, 355);
insert into album_canciones values (13001, 356);
insert into album_canciones values (13001, 357);
insert into album_canciones values (13001, 358);
insert into album_canciones values (13001, 359);
insert into album_canciones values (13001, 360);

insert into album_canciones values (14001, 361);
insert into album_canciones values (14001, 362);
insert into album_canciones values (14001, 363);
insert into album_canciones values (14001, 364);
insert into album_canciones values (14001, 365);
insert into album_canciones values (14001, 366);
insert into album_canciones values (14001, 367);
insert into album_canciones values (14001, 368);
insert into album_canciones values (14001, 369);
insert into album_canciones values (14001, 370);
insert into album_canciones values (14001, 371);

insert into album_canciones values (14002, 372);
insert into album_canciones values (14002, 373);
insert into album_canciones values (14002, 374);
insert into album_canciones values (14002, 375);
insert into album_canciones values (14002, 376);
insert into album_canciones values (14002, 377);
insert into album_canciones values (14002, 378);
insert into album_canciones values (14002, 379);
insert into album_canciones values (14002, 380);
insert into album_canciones values (14002, 381);
insert into album_canciones values (14002, 382);

insert into album_canciones values (15001, 383);
insert into album_canciones values (15001, 384);
insert into album_canciones values (15001, 385);
insert into album_canciones values (15001, 386);
insert into album_canciones values (15001, 387);
insert into album_canciones values (15001, 388);
insert into album_canciones values (15001, 389);
insert into album_canciones values (15001, 390);
insert into album_canciones values (15001, 391);
insert into album_canciones values (15001, 392);
insert into album_canciones values (15001, 393);
insert into album_canciones values (15001, 394);
insert into album_canciones values (15001, 395);

insert into album_canciones values (15002, 396);
insert into album_canciones values (15002, 397);
insert into album_canciones values (15002, 398);
insert into album_canciones values (15002, 399);
insert into album_canciones values (15002, 400);
insert into album_canciones values (15002, 401);
insert into album_canciones values (15002, 402);
insert into album_canciones values (15002, 403);
insert into album_canciones values (15002, 404);
insert into album_canciones values (15002, 405);
insert into album_canciones values (15002, 406);
insert into album_canciones values (15002, 407);

insert into playlist values (20000, "Descubrimiento Semanal", 15, 354);
	insert into playlist_canciones values(20000, 380);
	insert into playlist_canciones values(20000, 387);
	insert into playlist_canciones values(20000, 400);
	insert into playlist_canciones values(20000, 343);
	insert into playlist_canciones values(20000, 322);
	insert into playlist_canciones values(20000, 336);
	insert into playlist_canciones values(20000, 341);
	insert into playlist_canciones values(20000, 380);
	insert into playlist_canciones values(20000, 301);
	insert into playlist_canciones values(20000, 310);
	insert into playlist_canciones values(20000, 314);
	insert into playlist_canciones values(20000, 320);
	insert into playlist_canciones values(20000, 321);
	insert into playlist_canciones values(20000, 407);
	insert into playlist_canciones values(20000, 380);

insert into playlist values (21000, "Café Con Leche", 8, 752);
	insert into playlist_canciones values(21000, 352);
	insert into playlist_canciones values(21000, 360);
	insert into playlist_canciones values(21000, 353);
	insert into playlist_canciones values(21000, 223);
	insert into playlist_canciones values(21000, 196);
	insert into playlist_canciones values(21000, 215);
	insert into playlist_canciones values(21000, 210);
	insert into playlist_canciones values(21000, 147);

insert into playlist values (22000, "Más escuchados", 12, 451);
	insert into playlist_canciones values(22000, 115);
	insert into playlist_canciones values(22000, 136);
	insert into playlist_canciones values(22000, 129);
	insert into playlist_canciones values(22000, 147);
	insert into playlist_canciones values(22000, 157);
	insert into playlist_canciones values(22000, 172);
	insert into playlist_canciones values(22000, 198);
	insert into playlist_canciones values(22000, 221);
	insert into playlist_canciones values(22000, 226);
	insert into playlist_canciones values(22000, 251);
	insert into playlist_canciones values(22000, 277);
	insert into playlist_canciones values(22000, 282);

insert into playlist values (23000, "Para Bailar", 10, 167);
	insert into playlist_canciones values(23000, 289);
	insert into playlist_canciones values(23000, 298);
	insert into playlist_canciones values(23000, 286);
	insert into playlist_canciones values(23000, 277);
	insert into playlist_canciones values(23000, 236);
	insert into playlist_canciones values(23000, 226);
	insert into playlist_canciones values(23000, 231);
	insert into playlist_canciones values(23000, 241);
	insert into playlist_canciones values(23000, 234);
	insert into playlist_canciones values(23000, 240);
	insert into playlist_canciones values(23000, 235);

insert into playlist values (24000, "Be Bop y más", 8, 451);
	insert into playlist_canciones values(24000, 210);
	insert into playlist_canciones values(25000, 208);
	insert into playlist_canciones values(26000, 168);
	insert into playlist_canciones values(27000, 321);
	insert into playlist_canciones values(28000, 325);
	insert into playlist_canciones values(23000, 343);
	insert into playlist_canciones values(23000, 361);
	insert into playlist_canciones values(23000, 395);

insert into playlist values (25000, "En inglés", 8, 451);
	insert into playlist_canciones values(25000, 359);
	insert into playlist_canciones values(25000, 356);
	insert into playlist_canciones values(25000, 319);
	insert into playlist_canciones values(25000, 208);
	insert into playlist_canciones values(25000, 223);
	insert into playlist_canciones values(25000, 219);
	insert into playlist_canciones values(25000, 168);
	insert into playlist_canciones values(25000, 156);
